,Fold_0,Fold_1,Fold_2,Fold_3,Fold_4,Fold_5,Fold_6,Fold_7
eNet_VolBrain,0.020526798521140147,0.174306315672544,0.18764613471910957,0.2087652687022704,0.11572121678326272,0.2631289850899662,0.40235519639451517,0.2735396926460312
eNet_cort,0.17235698903729033,0.14366496046836089,0.09327364019197196,0.22203784173865176,0.10068955637940652,0.19034143714167784,0.1779916007061115,0.1664967185717331
eNet_emo,0.15423115310812285,0.2473592554549719,0.31718238696061873,0.3203681913812112,0.12218177106576786,0.16187924294744765,0.27330008188548316,0.42041683892391546
eNet_gam,,,,,,,,
eNet_gam_FC_PCA75,0.2526941520041746,0.22051013459394062,0.22171074934830826,0.39116361631727004,0.17748829405868835,0.3512063811124928,0.40732458275571665,0.33420861612911984
eNet_lan,0.40716970797476415,0.3452824530923442,0.43188399099025576,0.32126691564139903,0.2156239483018717,0.3651423422757246,0.5215834782950692,0.5291342927186496
eNet_lan_FC_PCA75,0.4478385932117305,0.342849562683873,0.3108219887683607,0.4213199597589532,0.23743944314027118,0.4954086932171844,0.5222349609959411,0.35521775494625313
eNet_mot,0.3811221620403684,0.2282519070764713,0.3187257255138892,0.3906055582876584,0.11508408867419542,0.22928154445275722,0.25816439451695833,0.2552867815579742
eNet_mot_FC_PCA75,0.3614968808796713,0.275244736074028,0.3899841378804505,0.34372852040917345,0.2983443182361537,0.2683333220213402,0.4376820379951005,0.39916558767942173
eNet_rel,0.2539624359325335,0.26300349131596523,0.18022119860574232,0.4455383704375781,0.4277338141085414,0.32639217706256174,0.4755228204454915,0.308700312118891
eNet_rel_FC_PCA75,0.34767527978956914,0.2643952823404011,0.48213331957349875,0.36409590047355467,0.18199477931172245,0.36207603106932373,0.36537772576194366,0.29511827727449813
eNet_rest_PCA75,0.25789763006948097,0.24245648633416522,0.3762041232165442,0.3915816639170692,0.2261435244326481,0.2707425314269454,0.33319038256814393,0.3323069307454205
eNet_soc,0.32027424870309007,0.1048543697193845,0.3231262554051031,0.27856635736529145,0.30267581839776175,0.17025068736667923,0.2019399753018413,0.23037034391924507
eNet_soc_FC_PCA75,0.5088097127724212,0.37965725658456584,0.5131810422632983,0.3766626344537243,0.3440590320139055,0.4372490419342955,0.46972774648691806,0.3881770206290047
eNet_subc,-0.10655996357407842,0.3277267534704116,0.12392340073748957,0.2543245722572145,-0.00925991467440973,0.23364203065919273,0.28510117978760136,0.13879586849274775
eNet_surf,0.09843380620589222,0.1886084647333171,0.23894069091680317,0.3278146185479942,0.20827060836262176,0.28702529151202383,0.2783311150828758,0.3326629925664909
eNet_wm,0.556363775728207,0.49180485099419025,0.5242840687821596,0.5002746887769944,0.39133535777907574,0.4233094482293831,0.5214860767408287,0.5899839717032576
eNet_wm_FC_PCA75,0.3690089023626911,0.37016113917495996,0.5614392911188806,0.5140696137862287,0.3029934364459437,0.5113885720040978,0.5739112475217463,0.5100808592015997
rf_VolBrain,0.017770883432352197,0.2662419908746738,0.02815553764535794,0.30379827305029666,0.12067738426757497,0.17785160069526715,0.38040942829173996,0.19305657676874144
rf_cort,0.11997715601443437,0.12286084712065806,0.0954574227039871,0.24037603931375404,0.1059834433241966,0.26370189553966433,0.1176768251477007,0.1332326672261654
rf_emo,0.13519643625617753,0.14701800005168353,0.23635127785598367,0.2449680515032665,0.1524827041778923,0.2081866155356618,0.2649066185401296,0.3513596665190919
rf_gam,0.24442922984125787,0.15067484667170528,0.01916733334663047,0.2483362051982205,0.11007251595770381,0.10399085915901657,0.25622622679495355,0.022136830743093153
rf_gam_FC_PCA75,0.30431991268512815,0.20043032758294382,0.17858451184486013,0.247450627520309,0.09680800120853686,0.3275294020184616,0.40526194977618846,0.4126766687036755
rf_lan,0.4305253135021015,0.25919095321092445,0.47655962231742804,0.28573706769611296,0.20268384897233993,0.37096886228171455,0.4369892159956015,0.3749507462747439
rf_lan_FC_PCA75,0.4068483743581466,0.35065775501287066,0.27161105990032486,0.30524844032934073,0.17980203722779572,0.4646504498096148,0.40731117112992643,0.32805933447057245
rf_mot,0.2982056667403651,0.24909195794483976,0.3365386263204788,0.4136796992392969,0.2833470185419267,0.1063790865298371,0.34672286577663036,0.3015693107854615
rf_mot_FC_PCA75,0.3325383001521087,0.11648164070832709,0.331328698775441,0.2581262588435246,0.11409765676967648,0.24948918290927452,0.4216377032338724,0.29108824348027185
rf_rel,0.3098872651591912,0.230331779018621,0.16757044492256506,0.4519660130802641,0.4516554779609636,0.28244386618215117,0.4662501143146131,0.18190734687535462
rf_rel_FC_PCA75,0.35292539804235945,0.2520926172332314,0.41752210338641177,0.37467672247802486,0.09866846397695597,0.2585350662050741,0.3117640179329908,0.3281991046032469
rf_rest_PCA75,0.27046112504019726,0.25841128115383033,0.1836958009944177,0.25620789846399306,0.25461656440787445,0.3823611442591129,0.35976535931438736,0.19578082298768604
rf_soc,0.43683854530026556,0.19179906128498347,0.327962780209122,0.378656171074367,0.3360981661090043,0.2043216392952612,0.2675429763516397,0.29041538555058344
rf_soc_FC_PCA75,0.44157298812916185,0.37728205134647785,0.39703104322892113,0.22608602793792384,0.31663360313367533,0.3821962802721542,0.4978762346424803,0.18772276130286952
rf_subc,0.03010701495697049,0.3521257023950103,0.2220252113971404,0.18897688003657992,0.15470097949017142,0.22138227550128564,0.35998213479849067,0.1263201938421062
rf_surf,0.13941945940054476,0.18389111219451415,0.14290357868878578,0.36046956587531254,0.2533184971689488,0.2885594573417714,0.35841428920001006,0.26180946660583077
rf_wm,0.4989534277340606,0.4547126204767592,0.4655731185436723,0.4575969431245158,0.319231188751978,0.3330075456733513,0.5341217350678337,0.5567612267342442
rf_wm_FC_PCA75,0.39221821793860434,0.22867681481035368,0.4256345124088727,0.49514311299864283,0.16718392625004502,0.39205866220127494,0.5516744990044049,0.4777693595121605
svr_VolBrain,0.023849931356911595,0.1899075836590127,0.11351956496433448,0.16447026986878407,0.14553953071526662,0.23506032303872393,0.40800225954146574,0.24827550836164927
svr_cort,0.154820183050346,0.1429592472260177,0.14507430273077204,0.22938760211310227,0.11896882789816074,0.21346536424951645,0.17577990874681027,0.1328237591094639
svr_emo,0.1595039462797322,0.2668133489717495,0.30884733701962974,0.32778119207785145,0.21929873644424303,0.14970537655736044,0.2655127959122194,0.43760139031371925
svr_gam,0.22213370963354226,0.08729563133381697,0.04405746619764532,0.2764351856179653,0.0646701429999746,0.14922851230363138,0.3198854717669255,0.0849178153415128
svr_gam_FC_PCA75,0.2288191143239379,0.2919066091236675,0.1671943288102201,0.40889643807276654,0.2013209332009488,0.3861310489951073,0.45902883008816575,0.32727952273443617
svr_lan,0.4454755694533039,0.32837957989012934,0.43915678020714455,0.32326347370316144,0.20482834559237056,0.424694666342707,0.513475534278976,0.5148486529316045
svr_lan_FC_PCA75,0.5089466060156594,0.31691740157454884,0.34839009016495726,0.4172850010188425,0.25984044113317706,0.5104212595153088,0.458995674514507,0.389512460016486
svr_mot,0.348274772956117,0.34699248374415403,0.34804186159179007,0.31063033050174926,0.2727591398865282,0.19495531887600873,0.4618986632191343,0.27600764115203824
svr_mot_FC_PCA75,0.3400971974485902,0.2316970027416338,0.32131862868462696,0.31778401060711325,0.22678753953778702,0.2621044044210723,0.39476828145734855,0.3697682910873481
svr_rel,0.26391355690714263,0.2401538959572953,0.19010097412720492,0.4732750486827636,0.46602673366946157,0.3492045638751205,0.49510472600720407,0.22595694406937208
svr_rel_FC_PCA75,0.3719396977898086,0.2934868523453684,0.5038639782688293,0.4060137383732363,0.1798434901049019,0.37873383558643336,0.3413735312708194,0.4000606536237436
svr_rest_PCA75,0.3044925422232527,0.28961338886678073,0.3665153443039729,0.35253026442325436,0.19697952201438484,0.2758030009264072,0.31408590819695814,0.3192187779598215
svr_soc,0.2584455921462716,0.1739144111653932,0.39858520534509045,0.3315013008286468,0.29671317831694677,0.13406304474980632,0.2784753642211596,0.212644989488154
svr_soc_FC_PCA75,0.492288283332309,0.3954832157040701,0.46423938474715326,0.39403790835738617,0.33972699342359974,0.41030904934490553,0.4586444320304497,0.36482257450428285
svr_subc,-0.12000794113477223,0.33966392519252253,0.07395980514716524,0.21000715833847655,0.04915870322140871,0.228503348838987,0.35157472072251006,0.06159128811403153
svr_surf,0.19266423332892785,0.1449367109432881,0.12932554111989913,0.41868094506904463,0.2603490149560383,0.2573978172033176,0.3169725586926759,0.3132233214289711
svr_wm,0.5380814873224312,0.5045275386764356,0.5400263751786081,0.5119747894803502,0.3999494306696301,0.4175858740345647,0.5728467736401489,0.5463409331867609
svr_wm_FC_PCA75,0.35923091054967915,0.3861326235064468,0.48733233313948715,0.5323620093838024,0.2856659870655521,0.5376011044419853,0.6199693606904155,0.49509327835342704
xgb_VolBrain,-0.025657697772153622,0.23889597068398388,0.05554215866977083,0.29603044605391254,0.11856016315280384,0.21180161550629947,0.4016299776520755,0.18001483591663522
xgb_cort,0.16940266343423305,0.17009267144334617,0.015238222353005787,0.16272398570921126,0.051101324414065404,0.17229450450352243,0.03517914713642878,0.10168723941251151
xgb_emo,0.15738436641031386,0.18421581586549743,0.2425443844227333,0.2045857032740281,0.20220826235047118,0.09857610634632186,0.2823469025841251,0.1611235218055418
xgb_gam,0.32237456596915054,0.10697379272098138,0.05540268871574695,0.1980448992163739,0.09368443904148002,0.03235850282754795,0.20720382749686855,-0.10559313218050424
xgb_gam_FC_PCA75,0.23486251379325745,0.22030575535252198,0.18892499276581332,0.26994096336402607,0.12003395077797954,0.3757174331998464,0.4465865008642713,0.35664445737219186
xgb_lan,0.4831429515335093,0.16668274984589826,0.47063804821484967,0.2730906105254956,0.20930641851084864,0.3261675811671528,0.4337786680956951,0.3692012209870088
xgb_lan_FC_PCA75,0.4291447131419556,0.2733738268986218,0.24452222186574646,0.285822759540335,0.11361201279004896,0.40556115606679904,0.3878142456309879,0.35160278802014616
xgb_mot,0.25181085086717925,0.21505370220208414,0.2665053684399894,0.4355504913482099,0.28414097321941567,0.07508773617443856,0.2905089204369331,0.2808306285719975
xgb_mot_FC_PCA75,0.3009719780942727,0.1481961364170581,0.315690354137355,0.1968829099117198,0.16006562756128775,0.261445460890199,0.33005975856972847,0.27340212912228506
xgb_rel,0.23936234791283353,0.21281102701264903,0.1384021562465374,0.41956362996947916,0.39247063792223713,0.287418443457403,0.45160415744134724,0.1662967336785286
xgb_rel_FC_PCA75,0.35527272003622956,0.2588704244720625,0.4139788802110951,0.32635033998539786,0.14084451078209795,0.18434397326548888,0.230388493358886,0.27934559819072097
xgb_rest_PCA75,0.1857061768299156,0.1735389068143443,0.15298435801291604,0.3226646436840967,0.11142938163760716,0.3372273176234344,0.38365214750394705,0.22149566250933453
xgb_soc,0.3735303088689572,0.20200113140249987,0.33605586050839753,0.27024847220724013,0.3013920482839379,0.269432550935085,0.17570009689904925,0.1444025741537841
xgb_soc_FC_PCA75,0.45486264123152387,0.4032739828955574,0.3588017487755489,0.2794239418154966,0.33005953874605587,0.3716763899559752,0.5034330967349326,0.2056283223911477
xgb_subc,-0.0076946845025332306,0.35189228990276944,0.20447831354804025,0.25192274826169037,0.11061893453198109,0.21731487759129967,0.4079246280326685,0.08213915248159098
xgb_surf,0.06251246626425123,0.09871626595641092,0.1569867474338903,0.3306683243349934,0.14985004425719317,0.23763213551232865,0.3179667955213503,0.2464717779446173
xgb_wm,0.49362300183792995,0.4357249638272369,0.5020568442162961,0.43147796107171155,0.32391678320242634,0.31729702369713586,0.5522190447406603,0.5188639328204816
xgb_wm_FC_PCA75,0.340956838975513,0.26088547619738434,0.45603982128552917,0.5123890412568969,0.1930839066775487,0.3626842727071719,0.4471881031265786,0.5497959656115001
eNet_eNet_set1,0.6622109170977365,0.5417671248020974,0.6593840470605448,0.649798385832405,0.47562255241991297,0.5375893616880716,0.6682185888227148,0.6343023321594735
eNet_eNet_set2,0.6226909063631674,0.4981096849277957,0.6000413123654917,0.6041753906259483,0.4566196932640509,0.47447109038112123,0.6290278247795799,0.6363314466771584
eNet_eNet_set3,0.23762392042517622,0.26863668335432744,0.3775177415583213,0.44718077931349137,0.27187466084536194,0.34036401435265184,0.3617054732719849,0.36968756834974587
eNet_eNet_set4,0.5088160001473068,0.4208048907385339,0.5945298950849135,0.5326364581191114,0.35681936169518363,0.5363378907611307,0.5748871617657757,0.511843965852769
eNet_eNet_set5,0.6498162677531154,0.5330301657149581,0.678264714816625,0.6362895726491016,0.47542268481667666,0.5400373280310101,0.6737404567257312,0.6513175145461978
eNet_eNet_set6,0.6375309864836141,0.5130095388558829,0.5968637415284834,0.633251233016631,0.46582789972110483,0.49796301087750255,0.6361358458983277,0.6100979448420993
eNet_eNet_set7,0.48852700919682823,0.4253402805897118,0.5521593065781873,0.5637763344214815,0.3536308424873972,0.5301436152855139,0.5536407448523977,0.49401319875024713
eNet_eNet_set8,0.4991645703805721,0.41520924593201447,0.5936348280146625,0.5347124717886693,0.35561496702206175,0.5314292824072924,0.5675194221994537,0.503973184521938
eNet_rf_set1,0.6462812664355936,0.5360185912438644,0.674707941412479,0.6110970522358818,0.4665418295304901,0.5689384240517745,0.6433995037918749,0.6251585754612261
eNet_rf_set2,0.6063058779413358,0.48614518385197275,0.6113734080656239,0.5639341079430721,0.4501085606679003,0.504071528020515,0.6213729424299496,0.630558476525175
eNet_rf_set3,0.2613724132571954,0.29656113445902743,0.338025875860667,0.4502050358529337,0.2715448491353827,0.3836488960345791,0.3892771158969237,0.37779171510321485
eNet_rf_set4,0.5064495269168157,0.422586039036907,0.5924356520516403,0.5313388259552843,0.36592151205813417,0.5091857367910346,0.5619034524342468,0.5132127732577403
eNet_rf_set5,0.6425317569896554,0.5217002277949143,0.6793133813693489,0.5931336743169527,0.46390036879575614,0.5604257552226397,0.6430501735416986,0.6470583058341046
eNet_rf_set6,0.6193063362618856,0.5028325297932332,0.6012545014757265,0.6038085986008987,0.4521535188056419,0.5349481352219455,0.639016765502865,0.5924074845036132
eNet_rf_set7,0.5003630293803342,0.42991191452658784,0.5676594831443341,0.5587946261260377,0.38537117861237263,0.514389633976387,0.5307629765548387,0.4918981575815259
eNet_rf_set8,0.5034441930531983,0.42068862569602894,0.5871614784301137,0.5306806882776568,0.36559012160835447,0.4991132749969127,0.5591838462478252,0.504191820544078
eNet_svr_set1,0.6601344471981323,0.5391214478857875,0.6613457414676098,0.6511370481145103,0.48503102847311674,0.527579626033736,0.6707710878492398,0.6332611422597151
eNet_svr_set2,0.6257319405270971,0.49825754539901157,0.6065459791091155,0.6051254222574579,0.45166125888622205,0.47149004712826875,0.6150283544050976,0.6379221937501143
eNet_svr_set3,0.24503904336385343,0.2830520711914003,0.3529781606596521,0.47820147586032236,0.27016074867138223,0.334648966029328,0.36957644890562835,0.37727270094829757
eNet_svr_set4,0.5125583293493783,0.42529704855759976,0.6014663018645382,0.528387245276299,0.36093129842608396,0.5330204406911415,0.574172146344667,0.5116564168061802
eNet_svr_set5,0.6554368413011378,0.52648829221061,0.6929816375128659,0.6374375888204822,0.47203832273571983,0.5331491553603488,0.6624707475080291,0.6477424069306426
eNet_svr_set6,0.6359592562803131,0.5074991670756067,0.6043873179989098,0.6317955031347926,0.4777661039104417,0.48762802703148456,0.6431826244630257,0.6216271027277833
eNet_svr_set7,0.4737171643598317,0.43368213434469366,0.5649863606812634,0.5570234870257638,0.35165189954251563,0.5260308974351812,0.5551803861077147,0.4973350702404868
eNet_svr_set8,0.49658944239030944,0.41698081547957583,0.5991651279876447,0.5337144050226318,0.36185540126395177,0.5209084760231719,0.5605781511441225,0.5015389536963458
eNet_xgb_set1,0.6452941239279881,0.5072362212118141,0.6684380888120169,0.6268074969089655,0.4753641551699127,0.5589051268183958,0.6558615575719808,0.6313672819654831
eNet_xgb_set2,0.5915688678408184,0.49373574927959696,0.612284853867477,0.5328240688093897,0.43295831554643005,0.4912120152128784,0.6012356811838874,0.6187278724729084
eNet_xgb_set3,0.25249586137002833,0.3148569093387262,0.3666028144707487,0.47132630748692217,0.29994890933735435,0.37340138186664307,0.36619531640403,0.37563035864059646
eNet_xgb_set4,0.5199413723823342,0.42374393468675475,0.585103500620874,0.5443489791062606,0.35283573034949656,0.5083393979277457,0.5592612199909096,0.5219986537277124
eNet_xgb_set5,0.6410718634175879,0.5146707418285594,0.6706746253909962,0.5984729930678172,0.47278983347852815,0.5277747543700695,0.6526828775875462,0.6404248796255254
eNet_xgb_set6,0.6072375454930528,0.48546856646438463,0.5844389329795117,0.6014063628997092,0.4642722377116998,0.5176159795109346,0.6329691581635151,0.5904554473437611
eNet_xgb_set7,0.49569440491947586,0.4353730544924246,0.5627863437183886,0.5639579575247406,0.39084530282274366,0.5273748523860016,0.5246829385514302,0.4984823500671678
eNet_xgb_set8,0.5129045610755072,0.43500418950477754,0.5865694347486301,0.5302640691896158,0.36145221359865454,0.5116640962482191,0.5602388571750123,0.5127343414595598
rf_eNet_set1,0.609101523646744,0.4610242203991778,0.5910043316863639,0.6238331769111135,0.4485962081859318,0.5366300034654196,0.6508206989752865,0.5540228449360118
rf_eNet_set2,0.6146018557556325,0.455297648054953,0.5831774962162029,0.6168774250602358,0.516810612824685,0.4320682256993671,0.6517154057638332,0.5876202622841512
rf_eNet_set3,0.2889744735547931,0.2481144092825905,0.22970230576467682,0.3649058123117581,0.34827401382326095,0.4564551945567693,0.4215196509048488,0.2633273899775405
rf_eNet_set4,0.5185462740663105,0.36227374535487467,0.5001115177305553,0.46268767177972103,0.24077981374271715,0.4736578642949326,0.5513946968433532,0.44177764834346284
rf_eNet_set5,0.6181723186148045,0.45826461867711166,0.6064439227412177,0.6202702437371554,0.433482988126456,0.5135843148734571,0.6690756762960988,0.5818279601017913
rf_eNet_set6,0.6081369271486963,0.476775578318208,0.5665709390077289,0.630934003850486,0.5249256469216524,0.5211122677529123,0.638522513505418,0.5438710292624498
rf_eNet_set7,0.5028149119624078,0.36770018154442435,0.4801107070719389,0.4980301062989442,0.3002088566785289,0.5099607768013605,0.5430145399322986,0.42119967102088407
rf_eNet_set8,0.5089652591890093,0.3650345161734701,0.4846617040194442,0.45785138435065664,0.26298798914192656,0.4915692032591388,0.547183205746983,0.41510517075640385
rf_rf_set1,0.5465903361026718,0.4192439697954922,0.5459422487928163,0.5727881801829138,0.38452534589749354,0.5051484517085312,0.5853395149677051,0.5160816833688782
rf_rf_set2,0.6250885637128039,0.42780086131760064,0.5956848147888957,0.5836351109769521,0.4926942592093013,0.38471820465070894,0.6123543659935827,0.5376899447238948
rf_rf_set3,0.2727375910842293,0.21966686847737626,0.22181450939002106,0.3207859568854584,0.31856011535294826,0.4384590766817293,0.37491519345974145,0.27491426954563936
rf_rf_set4,0.5029706366180329,0.367506527038186,0.5124771209659966,0.5004844082545661,0.2410891118414886,0.44270866352659066,0.5634032488640122,0.46879555114099336
rf_rf_set5,0.5859532407871078,0.42436813101123394,0.5734500585220494,0.6115476338922787,0.3878223645190018,0.4684127692325325,0.6329264722632612,0.5576284088245327
rf_rf_set6,0.5555589995112908,0.4362560463904598,0.5604033019804073,0.5567959450917549,0.47720092335862596,0.4962442892988499,0.5453636720650863,0.49137651491934176
rf_rf_set7,0.45885884626639867,0.36505935679192414,0.47847658524518816,0.4701041859409234,0.27657698851630974,0.48157471064363555,0.5294516608028468,0.4378194067570488
rf_rf_set8,0.4578710186511198,0.3633244970338986,0.47496326939038547,0.45635171196505336,0.2611499555160538,0.46990226929437307,0.5365629629189778,0.4142274516718077
rf_svr_set1,0.6002972496910945,0.4244890264983342,0.6105358705359574,0.62624291099504,0.5012003670213636,0.49090117624246254,0.6096964493408779,0.5339961497404349
rf_svr_set2,0.5972662015955614,0.42591218304090683,0.5828570467131365,0.5839299415049297,0.5042570543579019,0.3971117458142567,0.5998764717648868,0.5370136869132816
rf_svr_set3,0.31384314940931335,0.2281085666155668,0.24242305355925547,0.35079612292970314,0.34576811341698643,0.4491370529654437,0.41873558923046095,0.26426483445165216
rf_svr_set4,0.5067616935490264,0.3439508762680408,0.5152113596796704,0.5027375102698005,0.21954952357581875,0.4376995432746287,0.5660720162808692,0.47468258214997106
rf_svr_set5,0.5982772694597112,0.42976118915007117,0.5914122264539917,0.6338850430192067,0.45024164836631153,0.44125195629948655,0.6533791306182901,0.586261147307916
rf_svr_set6,0.577431977812086,0.4313112334370405,0.5540848636292166,0.5853772691802472,0.5291647360213574,0.5105538501470442,0.5694172055797257,0.47637136882683606
rf_svr_set7,0.48701713876479286,0.3220377852047358,0.4925627376941161,0.48949114840674746,0.3320021016660465,0.4883719450866331,0.5421435744768273,0.4191535589438728
rf_svr_set8,0.4848490273728141,0.3399127383440641,0.5013166230630173,0.4819933960041485,0.2533124046535599,0.45613617344918855,0.5516824884136449,0.43186681625401585
rf_xgb_set1,0.5118304582376697,0.38909791154113404,0.5476532046263671,0.5499364058428482,0.3813880789111641,0.47753971417058083,0.5423392862842807,0.5173993679838241
rf_xgb_set2,0.5850717990572643,0.39796146393235293,0.5867235729803102,0.5606899570374182,0.4682727397819769,0.3377374683481658,0.5593793157086396,0.505514521901058
rf_xgb_set3,0.27597948667370786,0.20368894298163062,0.2219817564789648,0.3028836740055878,0.32381411033289864,0.42945283029880865,0.34093313011818244,0.2868273612639111
rf_xgb_set4,0.5070796259689474,0.38365552098828526,0.5236367710946072,0.5015616238597205,0.23327505896862222,0.43638078859845086,0.5711536262725633,0.4853188048885858
rf_xgb_set5,0.5663998012728236,0.40527954374781255,0.5643343449771174,0.6049898565224592,0.4130141994918724,0.4329222276396692,0.6183816845947729,0.5691807037371488
rf_xgb_set6,0.4883402700074541,0.3623553482370485,0.5445603783035693,0.5270227341532351,0.46524928627223905,0.49026764348065105,0.4548334442080398,0.47116280401162525
rf_xgb_set7,0.4395505900062968,0.3280227270218321,0.46055876108757143,0.45511834138762447,0.2896311283236803,0.44698406900415916,0.5047132455671357,0.4459945776642984
rf_xgb_set8,0.4295976595899106,0.3484572484613929,0.4714442948635085,0.455184296598549,0.250983263085095,0.45614767559122993,0.5320658751252796,0.40616905145900173
svr_eNet_set1,0.5082446760891352,0.34340518774646495,0.4844989052231548,0.31752402920340145,0.4067333358673921,0.5498547593118945,0.6316501044076817,0.4012529641887875
svr_eNet_set2,0.5103826333695831,0.3430666846576196,0.41299139667351925,0.32533604749275247,0.3920834151864667,0.3320293974996829,0.5886570865406535,0.2705185858178446
svr_eNet_set3,0.31617883340974856,0.2920161841619606,0.3321634524894399,0.47443118431911907,0.28566726138948684,0.26541565415168356,0.3579242315358915,0.3499316698729048
svr_eNet_set4,0.4872073253335887,0.32884396956850576,0.5324659610031639,0.5069168301050767,0.30861913795955,0.5932376761608963,0.5638583940078868,0.5254870889982093
svr_eNet_set5,0.5150025699196856,0.34281094881888247,0.4689012962222111,0.31752402920340145,0.3808042227983022,0.5433508154696429,0.6536109968074975,0.37981317067195497
svr_eNet_set6,0.508872282749947,0.37310526775355046,0.4667469226408427,0.32533604749275247,0.4211795615080326,0.4271719700645147,0.5595700429715871,0.3343328249837757
svr_eNet_set7,0.45115032167898034,0.32945142234306385,0.49725116477913167,0.5365832503916599,0.340190488294673,0.5807955941923306,0.5448061002657567,0.48873570240499253
svr_eNet_set8,0.4573458530969692,0.32945142234306385,0.5299666715124626,0.4914742671412272,0.2984130691535283,0.5932721919580828,0.540071835512721,0.49986063200622266
svr_rf_set1,0.4833381760127111,0.2555691090433775,0.5435993415378684,0.31387997318098043,0.413411582446911,0.5546534827011083,0.5667555513187279,0.34128291504749386
svr_rf_set2,0.479766751339596,0.16678096167732875,0.3904889487780739,0.3107586781939802,0.2933823024195272,0.2280344292387851,0.5711108091088535,0.19956323621590044
svr_rf_set3,0.2800812831109125,0.2881798779990892,0.2960105263831015,0.4412754266256693,0.279302052604812,0.2565223461578909,0.3496664274089192,0.32227336635418014
svr_rf_set4,0.5012201501362421,0.3173313570098265,0.5311159856225722,0.5105314752556845,0.282991600537734,0.5900454292051349,0.5344583806917541,0.5216281850413967
svr_rf_set5,0.4743328177374126,0.2554157659752895,0.527924822511342,0.3122277041485268,0.40702518791662556,0.550744623218137,0.5534192713395257,0.3280463381066223
svr_rf_set6,0.4254214797673769,0.1905437708870228,0.42637217889461754,0.3147717301076354,0.30229166557120096,0.26896672421785195,0.5622253631499738,0.2502010780600046
svr_rf_set7,0.4688050124886465,0.32476437980898165,0.5364169562751679,0.5481154461032782,0.3104796516216968,0.5491882475814667,0.518718912715106,0.5107121670351046
svr_rf_set8,0.46733087270028545,0.3260925650674606,0.547230647129022,0.4999605448456523,0.26792890409276693,0.5790507894127019,0.5128427660148602,0.5153102465947197
svr_svr_set1,0.4572368354365719,0.31670323903265796,0.37471602633752726,0.3254476902275095,0.34595843581378494,0.5084825054273695,0.5378527297696523,0.3391559649347697
svr_svr_set2,0.45645070641116287,0.2924055684763364,0.35986291924094954,0.31205122763973264,0.2948524607954491,0.28764048520201263,0.5416600969012965,0.26758062341121425
svr_svr_set3,0.31238726100379144,0.28369559245291287,0.33282100372255535,0.4723479622835759,0.28790805234228467,0.24564818805115657,0.2436136070008651,0.3472105721395781
svr_svr_set4,0.48135592771218383,0.32123357991493173,0.5387500077709597,0.4822678306736802,0.2725413718926603,0.5582878874319143,0.5563979820911961,0.520231042490656
svr_svr_set5,0.47675600188425254,0.3193863436726394,0.38392222154405353,0.3171631909113902,0.3265270393920404,0.5081162802481833,0.6103841428351233,0.3499028554985854
svr_svr_set6,0.43106986548627724,0.29808355594009067,0.39790821237950136,0.3213292486910636,0.3685044372537703,0.3704803812132503,0.4736266466737229,0.29548469325293464
svr_svr_set7,0.42305584208913016,0.3163393250538119,0.4842237658677599,0.5157943463580634,0.33662499753888575,0.5614725612823652,0.4558960903666305,0.49279351083531703
svr_svr_set8,0.48585818212781173,0.3147321062016942,0.5287747738248832,0.47383536148511657,0.25734507330429923,0.5655931817043083,0.5082577638371303,0.5190178177027602
svr_xgb_set1,0.46265141908432506,0.2735958081494346,0.4765712492355022,0.31232315356209295,0.35999934328705757,0.44225052476823445,0.5681120818460961,0.32526810274947293
svr_xgb_set2,0.42205023118359364,0.1741788840067241,0.38323100001841115,0.3100137473376905,0.3185201880700417,0.2824343657173215,0.5047150504658284,0.1982609089484753
svr_xgb_set3,0.2851248354453362,0.27609667085578515,0.25529946250874913,0.4409566302511985,0.25680276550209075,0.2554517868952394,0.3347666622197349,0.3170427579502667
svr_xgb_set4,0.48821983061029883,0.3184130464968926,0.5302239066273116,0.5087391871999345,0.2579387413272926,0.5899316606421255,0.5342498651850953,0.494781319429198
svr_xgb_set5,0.4195356392162594,0.28032007874117215,0.4929703483386445,0.31052375482326744,0.3582183446468453,0.43611819156982135,0.5664446268926212,0.3141069482109982
svr_xgb_set6,0.43927439251682376,0.19208002782082112,0.40381851072258534,0.31287143579767956,0.3109126474034602,0.3031927943848021,0.5027141112246081,0.26024785388762717
svr_xgb_set7,0.4474850687266334,0.3212655052013794,0.5067352226301185,0.5404698040811959,0.2962769886653467,0.5371990856450084,0.4900486202288049,0.49847713617748646
svr_xgb_set8,0.4230664410520656,0.32256498962180913,0.5279233559735806,0.4820375251012817,0.23836624231317263,0.583457219136162,0.5199429194952222,0.5058314696535177
xgb_eNet_set1,0.5495115593737212,0.38904504321232514,0.5632916713186826,0.6273206910349719,0.3168974075719917,0.5264296099309109,0.6061570593250768,0.5168204572496173
xgb_eNet_set2,0.5851709228402617,0.31214192381758715,0.37300058717458323,0.5742313990852808,0.3790728843184432,0.41218672003859963,0.5204197950481017,0.5245915435523298
xgb_eNet_set3,0.1857061768299156,0.14855127041999633,0.2162671213372924,0.36545292545528407,0.11204961037190367,0.36675354095344626,0.45113700615346675,0.2764562133809543
xgb_eNet_set4,0.4951125700774408,0.3982118090691918,0.5104340134237856,0.4759464830688764,0.25281903334529077,0.4496343117298889,0.3216930889640346,0.44538785225794475
xgb_eNet_set5,0.5461030357181762,0.41038197819873284,0.5640697756963009,0.6168654133065221,0.3500578720047227,0.500674688381125,0.5825422033841989,0.5604140298567355
xgb_eNet_set6,0.44152084482122467,0.3020112704937436,0.41755717454140573,0.6089520021989265,0.3241353700841665,0.5010160886195314,0.5918972719845306,0.48606052109377323
xgb_eNet_set7,0.47398905223621124,0.3641455398169913,0.5063863115173621,0.5106362549924657,0.2313627590049609,0.4644255034418432,0.5171013193947034,0.42009059843936863
xgb_eNet_set8,0.47131233074293255,0.38469380005085574,0.4894213352483863,0.48533717123162484,0.23276342661020072,0.458495681793495,0.4885806311794798,0.42096066176374014
xgb_rf_set1,0.34519313396557366,0.40412809594569704,0.458712353296635,0.6091684002226957,0.11728498448595093,0.28782117923163947,0.31218261280523224,0.42355480405149254
xgb_rf_set2,0.6003841971228885,0.30844856627030093,0.3060439191156954,0.5486362158393355,0.3415157723282174,0.3894808064070526,0.21251830605709726,0.4772433588233984
xgb_rf_set3,0.17751548966354927,0.11482745738784435,0.18382533435352072,0.3321897504337782,0.1150540533911108,0.2610645963263578,0.41039400304993856,0.26407694520772595
xgb_rf_set4,0.43204420029761625,0.3941395022035982,0.4530144327640889,0.4457133284948095,0.193533855182565,0.44564916710194524,0.22803815238869132,0.37341780540187797
xgb_rf_set5,0.3472855737136657,0.40654348114754424,0.5049923388477209,0.5953265206963805,0.2837904048070562,0.47662426046196105,0.23319111997037267,0.4986577990082324
xgb_rf_set6,0.21681557694810388,0.2995385119720414,0.2076517083130332,0.5867140715738817,0.11955169947339617,0.2773048397820714,0.3502390303606553,0.2437577536097493
xgb_rf_set7,0.4278159446297751,0.393681027999054,0.4169765709600966,0.35604682242024743,0.10573101948308551,0.28809388558788673,0.3041275765880681,0.3517881039323121
xgb_rf_set8,0.4197538199778482,0.398952581836635,0.41619308944058875,0.46468021864991677,0.10847922663626038,0.4366425995350658,0.23198673769647804,0.22546463665860378
xgb_svr_set1,0.4305283361882445,0.361660496290564,0.3662653314734856,0.5852034370191889,0.22153952476641928,0.44366262342723484,0.41796271279854436,0.3688979625328842
xgb_svr_set2,0.5801444014877892,0.3009062218010016,0.33856468492672287,0.5479016152657288,0.3406159523017457,0.39039292952762505,0.35698618564070456,0.5175268873730516
xgb_svr_set3,0.18685988909290854,0.11821684433743884,0.1800948920996133,0.34564290190236624,0.10927774209133553,0.2898028509300361,0.38662819571674845,0.2682045071559641
xgb_svr_set4,0.4179016070253431,0.3704666220853577,0.4632269121866376,0.44146423635521703,0.19500029593537177,0.43128841173611865,0.2443461545713898,0.37105779164230274
xgb_svr_set5,0.45021988994505735,0.38202242987898155,0.4680073636447388,0.598480417837665,0.310002841107309,0.47120913474429693,0.3034094691450923,0.5024970259685566
xgb_svr_set6,0.36208349660914957,0.26415989405317664,0.2560809449986856,0.5534152783545625,0.20798150625288797,0.4139205804453242,0.4614406097822793,0.364075688336227
xgb_svr_set7,0.40817932013035185,0.3236459776683869,0.33801663258118214,0.4359389479911749,0.14900715466842845,0.3710418543248287,0.36028432674230626,0.32251315992327045
xgb_svr_set8,0.3972034681183564,0.35128374338863155,0.45017395020854734,0.4391461378357102,0.15047911337242117,0.43687658471469826,0.28865674433154065,0.2752373640713811
xgb_xgb_set1,0.4008139192596853,0.3669416422769528,0.3054079977062737,0.5999703189049422,0.20567673991828828,0.3641276336951091,0.3566841496429738,0.31726222047900704
xgb_xgb_set2,0.5901068396637019,0.26232980945055523,0.3134055299263525,0.5446252502218945,0.3451711930115886,0.364096315328442,0.3137406827070438,0.48810634730501723
xgb_xgb_set3,0.1763952004240338,0.11396292971463182,0.19592542817091058,0.34240031729305753,0.11194193419480877,0.2710135542480958,0.36659928624546845,0.25384273351830555
xgb_xgb_set4,0.379523122671658,0.37065769024034456,0.43645186028277166,0.43262159851172866,0.2168816031313704,0.43706352808637516,0.2576374760283104,0.35823730370243445
xgb_xgb_set5,0.4011781758799394,0.3735071312666988,0.45550280178897185,0.577494193681457,0.32827276985782883,0.44546797510378144,0.2883968720031885,0.4767585031262452
xgb_xgb_set6,0.2733443581259878,0.2579084437774779,0.24925504038897717,0.5759560398339683,0.18772319543570992,0.34574239498400783,0.4061625532901698,0.2982895990431086
xgb_xgb_set7,0.37862069873366944,0.3740417743713434,0.3209090766132777,0.42790789351496006,0.1549108068551623,0.34676690638617247,0.3437981090740081,0.3061090250968777
xgb_xgb_set8,0.38486213967775984,0.381944861045021,0.3832868239638839,0.4171195978730897,0.15463447763184585,0.42350654344618516,0.27866987418932376,0.26967959620720866
